{
  "displayName": "Hotjar",
  "name": "hotjar",
  "version": "1.0.0",
  "description": "Follow the navigation of your users while they visit your site, and see what they interact with the most.",
  "iconPath": "hotjar-icon.svg",
  "author": {
    "name": "Adobe"
  },
  "viewBasePath": "src/view/",
  "configuration": {
    "viewPath": "configuration/configuration.html",
    "schema": {
      "$schema": "http://json-schema.org/draft-04/schema#",
      "type": "object",
      "properties": {
        "siteId": {
          "type": "number",
          "minLength": 1
        }
      }
    }
  },
  "main": "src/lib/helpers/trackingCode.js",
  "platform": "web"
}
